event_id,start_ts,end_ts,number_sensors,sensors,peak_mag,lat,lon,duration_s,temperature,is_dark,distance_meter,gap_seconds,speed_kmh,hour
1,2025-11-10 01:54:33.587000+02:00,2025-11-10 01:54:33.587000+02:00,1,['C3999872944C'],844.566943760662,60.4926,22.288664,0.0,6.485,True,,,,1
2,2025-11-10 01:55:43.698000+02:00,2025-11-10 01:55:43.698000+02:00,1,['E78E9C0B06E0'],317.2712586296465,60.491652,22.290451,0.0,6.485,True,143.84,70.111,7.39,1
3,2025-11-10 01:57:27.343000+02:00,2025-11-10 01:57:27.343000+02:00,1,['E78E9C0B06E0'],354.7609198986393,60.497102,22.294654,0.0,6.515,True,648.25,103.645,22.52,1
4,2025-11-10 01:58:57.137000+02:00,2025-11-10 01:58:57.137000+02:00,1,['E78E9C0B06E0'],294.55021419696027,60.498208,22.259913,0.0,6.57,True,1906.35,89.794,76.43,1
5,2025-11-10 02:04:14.754000+02:00,2025-11-10 02:04:14.754000+02:00,1,['E78E9C0B06E0'],419.37197097121634,60.485152,22.167961,0.0,6.67,True,5241.2,317.617,59.41,2
6,2025-11-10 02:07:52.820000+02:00,2025-11-10 02:07:52.820000+02:00,1,['C3999872944C'],726.4323517904336,60.47263,22.149721,0.0,6.775,True,1713.91,218.066,28.29,2
7,2025-11-10 02:38:42.266000+02:00,2025-11-10 02:38:42.266000+02:00,1,['C3999872944C'],688.818705870415,60.451929,22.098042,0.0,6.705,True,3650.24,1849.446,7.11,2
8,2025-11-10 02:48:43.364000+02:00,2025-11-10 02:48:43.364000+02:00,1,['C3999872944C'],573.558937288439,60.451792,22.097827,0.0,6.96,True,19.26,601.098,0.12,2
9,2025-11-10 02:56:28.362000+02:00,2025-11-10 02:56:28.362000+02:00,1,['E78E9C0B06E0'],342.5234626548704,60.45217,22.097063,0.0,7.205,True,59.35,464.998,0.46,2
10,2025-11-10 02:58:44.885000+02:00,2025-11-10 02:58:46.404000+02:00,1,['E198DBE2771E'],218.5271560275111,60.453543,22.099478,1.519,7.39,True,202.1,136.523,5.33,2
11,2025-11-10 02:59:05.265000+02:00,2025-11-10 02:59:05.265000+02:00,1,['C3999872944C'],812.4640572770064,60.454716,22.099578,0.0,7.085,True,130.55,18.861,24.92,2
12,2025-11-10 03:04:14.602000+02:00,2025-11-10 03:04:14.602000+02:00,1,['E78E9C0B06E0'],308.80652412943374,60.481312,22.163752,0.0,7.47,True,4595.36,309.337,53.48,3
13,2025-11-10 03:04:59.791000+02:00,2025-11-10 03:04:59.791000+02:00,1,['E78E9C0B06E0'],322.2996017249945,60.48671,22.170744,0.0,7.475,True,712.03,45.189,56.72,3
14,2025-11-10 03:07:15.278000+02:00,2025-11-10 03:07:15.278000+02:00,1,['E78E9C0B06E0'],300.4035637285872,60.493694,22.214813,0.0,7.545,True,2535.58,135.487,67.37,3
15,2025-11-10 03:09:36.750000+02:00,2025-11-10 03:09:36.750000+02:00,1,['E78E9C0B06E0'],332.0619303687341,60.497783,22.268139,0.0,7.61,True,2955.43,141.472,75.21,3
16,2025-11-10 03:11:35.667000+02:00,2025-11-10 03:11:35.667000+02:00,1,['E198DBE2771E'],322.06088988588914,60.492301,22.311487,0.0,7.875,True,2450.9,118.917,74.2,3
17,2025-11-10 03:14:10.806000+02:00,2025-11-10 03:14:10.806000+02:00,1,['E78E9C0B06E0'],646.1504622464905,60.472966,22.356873,0.0,7.625,True,3287.05,155.139,76.28,3
18,2025-11-10 03:15:32.021000+02:00,2025-11-10 03:15:32.021000+02:00,1,['E198DBE2771E'],247.30607226320947,60.466855,22.38432,0.0,7.955,True,1650.61,81.215,73.17,3
19,2025-11-10 03:15:54.409000+02:00,2025-11-10 03:16:00.707000+02:00,2,"['E198DBE2771E', 'E78E9C0B06E0']",406.2747133874296,60.4654785,22.393721499999998,6.298,7.8149999999999995,True,537.57,22.388,86.44,3
20,2025-11-10 03:17:29.298000+02:00,2025-11-10 03:17:29.298000+02:00,1,['E78E9C0B06E0'],320.8664188092127,60.460558,22.427861,0.0,7.655,True,1949.78,88.591,79.23,3
21,2025-11-10 03:23:08.406000+02:00,2025-11-10 03:23:08.406000+02:00,1,['E78E9C0B06E0'],279.72789508078273,60.444885,22.54909,0.0,7.615,True,6872.22,339.108,72.96,3
22,2025-11-10 03:24:33.235000+02:00,2025-11-10 03:24:33.235000+02:00,1,['E198DBE2771E'],214.78196013125267,60.443027,22.5822,0.0,8.11,True,1827.79,84.829,77.57,3
23,2025-11-10 03:30:08.732000+02:00,2025-11-10 03:30:08.732000+02:00,1,['E198DBE2771E'],309.60859890304675,60.4234,22.692001,0.0,8.15,True,6407.65,335.497,68.76,3
24,2025-11-10 03:32:21.829000+02:00,2025-11-10 03:32:21.829000+02:00,1,['E78E9C0B06E0'],281.0748494179308,60.426843,22.738403,0.0,7.655,True,2575.22,133.097,69.65,3
25,2025-11-10 03:32:39.741000+02:00,2025-11-10 03:32:39.741000+02:00,1,['E78E9C0B06E0'],394.04264006098504,60.425741,22.744779,0.0,7.665,True,370.75,17.912,74.51,3
26,2025-11-10 03:34:12.840000+02:00,2025-11-10 03:34:12.840000+02:00,1,['E198DBE2771E'],309.22281154783366,60.423003,22.7767,0.0,8.275,True,1778.17,93.099,68.76,3
27,2025-11-10 03:34:51.796000+02:00,2025-11-10 03:34:51.796000+02:00,1,['E78E9C0B06E0'],283.26102555188396,60.423218,22.790361,0.0,7.68,True,750.16,38.956,69.32,3
28,2025-11-10 03:35:31.169000+02:00,2025-11-10 03:35:31.169000+02:00,1,['E78E9C0B06E0'],553.8373631802777,60.425709,22.804997,0.0,7.695,True,849.68,39.373,77.69,3
29,2025-11-10 03:36:07.468000+02:00,2025-11-10 03:36:07.468000+02:00,1,['E78E9C0B06E0'],387.8944448245849,60.426972,22.818551,0.0,7.695,True,756.98,36.299,75.07,3
30,2025-11-10 03:39:14.273000+02:00,2025-11-10 03:39:14.273000+02:00,1,['E78E9C0B06E0'],505.07328409851146,60.428424,22.88716,0.0,7.65,True,3768.52,186.805,72.62,3
31,2025-11-10 03:39:32.605000+02:00,2025-11-10 03:39:32.605000+02:00,1,['E78E9C0B06E0'],298.32910487121336,60.428824,22.89293,0.0,7.665,True,319.74,18.332,62.79,3
32,2025-11-10 03:42:07.700000+02:00,2025-11-10 03:42:07.700000+02:00,1,['E78E9C0B06E0'],604.3313980990929,60.435019,22.94734,0.0,7.71,True,3063.91,155.095,71.12,3
33,2025-11-10 03:44:43.104000+02:00,2025-11-10 03:44:43.104000+02:00,1,['E78E9C0B06E0'],292.43218328622834,60.430664,23.001131,0.0,7.75,True,2990.89,155.404,69.29,3
34,2025-11-10 03:59:01.432000+02:00,2025-11-10 03:59:08.261000+02:00,2,"['E198DBE2771E', 'E78E9C0B06E0']",409.14830750966036,60.391106,23.077540499999998,6.829,7.82,True,6078.54,858.328,25.49,3
35,2025-11-10 03:59:31.809000+02:00,2025-11-10 03:59:31.809000+02:00,1,['E198DBE2771E'],427.7166451908081,60.391685,23.083194,0.0,8.5,True,317.2,23.548,48.49,3
36,2025-11-10 04:01:26.566000+02:00,2025-11-10 04:01:26.566000+02:00,1,['E198DBE2771E'],229.12234076799413,60.385268,23.102333,0.0,8.515,True,1270.79,114.757,39.87,4
37,2025-11-10 04:02:08.739000+02:00,2025-11-10 04:02:08.739000+02:00,1,['E78E9C0B06E0'],305.78560536679294,60.386192,23.106628,0.0,7.85,True,257.4,42.173,21.97,4
38,2025-11-10 04:02:18.755000+02:00,2025-11-10 04:02:18.755000+02:00,1,['C3999872944C'],819.1206683519755,60.386075,23.10701,0.0,8.045,True,24.69,10.016,8.87,4
39,2025-11-10 04:03:31.782000+02:00,2025-11-10 04:03:31.782000+02:00,1,['E198DBE2771E'],185.91331594869425,60.386274,23.106932,0.0,8.53,True,22.54,73.027,1.11,4
40,2025-11-10 04:05:29.236000+02:00,2025-11-10 04:05:29.236000+02:00,1,['E198DBE2771E'],224.56862886051294,60.38657,23.104377,0.0,8.565,True,144.2,117.454,4.42,4
41,2025-11-10 04:06:32.817000+02:00,2025-11-10 04:06:32.817000+02:00,1,['C3999872944C'],1317.1011038401155,60.382527,23.101324,0.0,8.015,True,479.84,63.581,27.17,4
42,2025-11-10 04:07:30.725000+02:00,2025-11-10 04:07:30.725000+02:00,1,['C3999872944C'],2082.9711285337544,60.376544,23.109678,0.0,8.065,True,808.33,57.908,50.25,4
43,2025-11-10 04:15:06.876000+02:00,2025-11-10 04:15:06.876000+02:00,1,['E198DBE2771E'],185.40134905296568,60.339333,23.126102,0.0,8.705,True,4235.11,456.151,33.42,4
44,2025-11-10 04:17:06.868000+02:00,2025-11-10 04:17:06.868000+02:00,1,['E78E9C0B06E0'],721.1314322040207,60.323977,23.09913,0.0,8.085,True,2262.6,119.992,67.88,4
45,2025-11-10 04:28:46.490000+02:00,2025-11-10 04:28:52.085000+02:00,2,"['C3999872944C', 'E78E9C0B06E0']",634.6085566170926,60.204499999999996,23.11345,5.595,7.725,True,13308.69,699.622,68.48,4
46,2025-11-10 04:29:04.809000+02:00,2025-11-10 04:29:04.809000+02:00,1,['E78E9C0B06E0'],338.16404692506984,60.20424,23.113297,0.0,7.725,True,30.12,12.724,8.52,4
47,2025-11-10 05:09:14.938000+02:00,2025-11-10 05:09:14.938000+02:00,1,['E78E9C0B06E0'],358.0102650402194,60.120235,23.203217,0.0,7.43,True,10583.07,2410.129,15.81,5
48,2025-11-10 05:28:39.600000+02:00,2025-11-10 05:28:39.600000+02:00,1,['C3999872944C'],1613.788043226157,59.982461,23.433078,0.0,7.345,True,19937.6,1164.662,61.63,5
49,2025-11-10 06:03:58.403000+02:00,2025-11-10 06:03:58.403000+02:00,1,['E78E9C0B06E0'],331.2176303932516,60.055051,23.648532,0.0,7.305,True,14438.75,2118.803,24.53,6
50,2025-11-10 06:05:07.352000+02:00,2025-11-10 06:05:11.938000+02:00,2,"['E198DBE2771E', 'E78E9C0B06E0']",281.25136280057745,60.053467,23.646468,4.586,7.762499999999999,True,210.11,68.949,10.97,6
51,2025-11-10 06:56:41.851000+02:00,2025-11-10 06:56:41.851000+02:00,1,['E78E9C0B06E0'],617.3448800482086,59.98501,23.462965,0.0,7.155,True,12724.36,3089.913,14.82,6
52,2025-11-10 07:00:25.697000+02:00,2025-11-10 07:00:25.697000+02:00,1,['E198DBE2771E'],176.24679646513266,59.985102,23.418653,0.0,7.905,True,2464.77,223.846,39.64,7
53,2025-11-10 11:43:47.981000+02:00,2025-11-10 11:43:47.981000+02:00,1,['E198DBE2771E'],178.45211817536693,59.982645,23.444524,0.0,8.525,False,1464.77,17002.284,0.31,11
54,2025-11-10 11:47:07.294000+02:00,2025-11-10 11:47:07.294000+02:00,1,['E198DBE2771E'],834.7746109161403,59.98503,23.418469,0.0,8.595,False,1473.36,199.313,26.61,11
55,2025-11-10 11:48:26.123000+02:00,2025-11-10 11:48:26.123000+02:00,1,['E198DBE2771E'],344.5588849400582,59.985049,23.418491,0.0,8.57,False,2.44,78.829,0.11,11
56,2025-11-10 11:55:11.704000+02:00,2025-11-10 11:55:11.704000+02:00,1,['E78E9C0B06E0'],307.26329594643414,60.033128,23.367948,0.0,6.99,False,6039.32,405.581,53.61,11
57,2025-11-10 12:04:28.215000+02:00,2025-11-10 12:04:28.215000+02:00,1,['E198DBE2771E'],185.3534851966282,60.096114,23.220508,0.0,8.365,False,10769.64,556.511,69.67,12
58,2025-11-10 12:26:24.444000+02:00,2025-11-10 12:26:24.444000+02:00,1,['E78E9C0B06E0'],276.93496568621777,60.319755,23.096066,0.0,7.095,False,25800.61,1316.229,70.57,12
59,2025-11-10 12:27:23.334000+02:00,2025-11-10 12:27:23.334000+02:00,1,['E78E9C0B06E0'],339.57262220185925,60.328382,23.109267,0.0,7.11,False,1203.48,58.89,73.57,12
60,2025-11-10 12:29:07.869000+02:00,2025-11-10 12:29:07.869000+02:00,1,['E198DBE2771E'],219.80128856147536,60.34393,23.132564,0.0,7.93,False,2152.36,104.535,74.12,12
61,2025-11-10 12:38:08.518000+02:00,2025-11-10 12:38:08.518000+02:00,1,['E78E9C0B06E0'],336.40846613227933,60.386051,23.106959,0.0,6.92,False,4890.65,540.649,32.57,12
62,2025-11-10 12:38:24.422000+02:00,2025-11-10 12:38:24.422000+02:00,1,['C3999872944C'],925.6715863885105,60.386308,23.106717,0.0,6.9,False,31.52,15.904,7.13,12
63,2025-11-10 12:55:45.996000+02:00,2025-11-10 12:55:45.996000+02:00,1,['E78E9C0B06E0'],281.82604069440026,60.39135,23.078395,0.0,6.765,False,1654.0,1041.574,5.72,12
64,2025-11-10 13:08:42.163000+02:00,2025-11-10 13:08:42.163000+02:00,1,['E78E9C0B06E0'],343.11356429161384,60.405353,22.815011,0.0,7.1,False,14550.33,776.167,67.49,13
65,2025-11-10 13:13:51.564000+02:00,2025-11-10 13:13:51.564000+02:00,1,['E198DBE2771E'],254.32925961228565,60.425673,22.725149,0.0,7.9,False,5426.03,309.401,63.13,13
66,2025-11-10 13:22:51.115000+02:00,2025-11-10 13:22:51.115000+02:00,1,['E198DBE2771E'],209.41227666925482,60.426559,22.721948,0.0,7.75,False,201.41,539.551,1.34,13
67,2025-11-10 13:32:25.630000+02:00,2025-11-10 13:32:25.630000+02:00,1,['E198DBE2771E'],188.29681090851062,60.424977,22.703891,0.0,7.9,False,1006.47,574.515,6.31,13
68,2025-11-10 13:32:41.677000+02:00,2025-11-10 13:32:43.193000+02:00,1,['E78E9C0B06E0'],395.11264681682553,60.424087,22.698219,1.516,6.98,False,326.65,16.047,73.28,13
69,2025-11-10 13:38:03.773000+02:00,2025-11-10 13:38:15.341000+02:00,2,"['E198DBE2771E', 'E78E9C0B06E0']",533.0818556451209,60.443233,22.583053,11.568,7.315,False,6667.82,320.58,74.88,13
70,2025-11-10 13:40:39.353000+02:00,2025-11-10 13:40:43.937000+02:00,1,['E78E9C0B06E0'],407.315683682365,60.44703,22.526404,4.584,7.4125,False,3135.62,144.012,78.38,13
71,2025-11-10 13:55:05.587000+02:00,2025-11-10 13:55:05.587000+02:00,1,['E78E9C0B06E0'],326.0093407545694,60.502723,22.314742,0.0,7.725,False,13148.24,861.65,54.93,13
72,2025-11-10 14:07:53.668000+02:00,2025-11-10 14:07:53.668000+02:00,1,['E78E9C0B06E0'],358.3810592354268,60.495519,22.303012,0.0,7.68,False,1026.75,768.081,4.81,14
73,2025-11-10 14:12:03.727000+02:00,2025-11-10 14:12:03.727000+02:00,1,['E78E9C0B06E0'],331.9482446726069,60.493135,22.209153,0.0,7.82,False,5146.98,250.059,74.1,14
74,2025-11-10 14:13:34.536000+02:00,2025-11-10 14:13:34.536000+02:00,1,['E78E9C0B06E0'],343.4655844449731,60.489764,22.180406,0.0,7.83,False,1618.46,90.809,64.16,14
75,2025-11-10 14:16:11.750000+02:00,2025-11-10 14:16:11.750000+02:00,1,['E198DBE2771E'],178.97326568581389,60.48646,22.169718,0.0,8.51,False,691.17,157.214,15.83,14
76,2025-11-10 14:16:48.118000+02:00,2025-11-10 14:16:48.118000+02:00,1,['E78E9C0B06E0'],732.896481907311,60.484558,22.167221,0.0,7.89,False,251.87,36.368,24.93,14
77,2025-11-10 14:19:53.116000+02:00,2025-11-10 14:19:53.116000+02:00,1,['E198DBE2771E'],193.12826135415494,60.472814,22.150617,0.0,8.6,False,1591.52,184.998,30.97,14
78,2025-11-10 14:36:01.102000+02:00,2025-11-10 14:36:02.638000+02:00,1,['E78E9C0B06E0'],399.74262003067264,60.45365,22.099491,1.536,8.03,False,3520.7,967.986,13.09,14
79,2025-11-10 14:36:24.078000+02:00,2025-11-10 14:36:24.078000+02:00,1,['E198DBE2771E'],319.3972877873241,60.45343,22.099305,0.0,8.78,False,26.5,21.44,4.45,14
80,2025-11-10 14:55:06.382000+02:00,2025-11-10 14:55:06.382000+02:00,1,['C3999872944C'],762.0525229831392,60.451983,22.098152,0.0,7.68,False,172.88,1122.304,0.55,14
81,2025-11-10 15:28:13.751000+02:00,2025-11-10 15:28:13.751000+02:00,1,['E78E9C0B06E0'],303.1716327298163,60.489989,22.183276,0.0,8.125,False,6294.7,1987.369,11.4,15
82,2025-11-10 15:31:48.309000+02:00,2025-11-10 15:31:48.309000+02:00,1,['E198DBE2771E'],296.7117968195843,60.498122,22.25662,0.0,9.405,False,4117.23,214.558,69.08,15
83,2025-11-10 15:39:10.278000+02:00,2025-11-10 15:39:10.278000+02:00,1,['E198DBE2771E'],242.7101697764094,60.465308,22.39728,0.0,9.4,False,8526.35,441.969,69.45,15
84,2025-11-10 15:45:23.187000+02:00,2025-11-10 15:45:23.187000+02:00,1,['E78E9C0B06E0'],284.1069307037832,60.44681,22.524392,0.0,8.24,False,7266.64,372.909,70.15,15
85,2025-11-10 15:47:57.187000+02:00,2025-11-10 15:47:57.187000+02:00,1,['E78E9C0B06E0'],312.86660991802785,60.44299,22.582174,0.0,8.165,False,3197.57,154.0,74.75,15
86,2025-11-10 15:48:29.237000+02:00,2025-11-10 15:48:29.237000+02:00,1,['E198DBE2771E'],214.31664714382308,60.442447,22.59346,0.0,9.235,False,621.99,32.05,69.86,15
87,2025-11-10 15:53:54.185000+02:00,2025-11-10 15:53:54.185000+02:00,1,['E78E9C0B06E0'],276.8312974757661,60.423482,22.693789,0.0,7.97,False,5894.97,324.948,65.31,15
88,2025-11-10 15:56:28.212000+02:00,2025-11-10 15:56:28.212000+02:00,1,['E198DBE2771E'],341.51298030754754,60.425309,22.74724,0.0,9.125,False,2940.56,154.027,68.73,15
89,2025-11-10 15:58:12.802000+02:00,2025-11-10 15:58:12.802000+02:00,1,['E78E9C0B06E0'],387.61768693974716,60.422914,22.779499,0.0,7.945,False,1790.39,104.59,61.63,15
90,2025-11-10 15:59:30.999000+02:00,2025-11-10 15:59:30.999000+02:00,1,['E78E9C0B06E0'],342.16564731758837,60.426198,22.807707,0.0,7.97,False,1590.61,78.197,73.23,15
91,2025-11-10 16:03:25.255000+02:00,2025-11-10 16:03:25.255000+02:00,1,['E78E9C0B06E0'],346.0719764793469,60.428703,22.890874,0.0,7.815,False,4572.49,234.256,70.27,16
92,2025-11-10 16:04:45.331000+02:00,2025-11-10 16:04:45.331000+02:00,1,['E78E9C0B06E0'],295.9009812877366,60.432077,22.916905,0.0,7.805,False,1476.84,80.076,66.39,16
93,2025-11-10 16:05:14.762000+02:00,2025-11-10 16:05:14.762000+02:00,1,['E78E9C0B06E0'],616.8643826642633,60.432971,22.928368,0.0,7.805,False,636.77,29.431,77.89,16
94,2025-11-10 16:06:27.150000+02:00,2025-11-10 16:06:27.150000+02:00,1,['E78E9C0B06E0'],280.887484809716,60.435259,22.949989,0.0,7.815,False,1213.24,72.388,60.34,16
95,2025-11-10 16:06:52.351000+02:00,2025-11-10 16:06:52.351000+02:00,1,['E78E9C0B06E0'],272.37274711147217,60.435468,22.955245,0.0,7.82,False,289.3,25.201,41.33,16
96,2025-11-10 16:09:24.775000+02:00,2025-11-10 16:09:24.775000+02:00,1,['E78E9C0B06E0'],283.75810856390194,60.429977,23.006696,0.0,7.875,False,2888.32,152.424,68.22,16
97,2025-11-10 16:09:40.716000+02:00,2025-11-10 16:09:40.716000+02:00,1,['E78E9C0B06E0'],517.7978377227535,60.429226,23.01269,0.0,7.885,False,339.35,15.941,76.64,16
98,2025-11-10 16:15:38.178000+02:00,2025-11-10 16:15:40.469000+02:00,1,['E78E9C0B06E0'],427.2620490505544,60.418575,23.141236,2.291,7.85,False,7153.77,357.462,72.05,16
99,2025-11-10 16:16:06.021000+02:00,2025-11-10 16:16:20.425000+02:00,2,"['E198DBE2771E', 'E78E9C0B06E0']",1038.6271198826653,60.418748,23.149779,14.404,8.78,False,469.34,25.552,66.12,16
100,2025-11-10 16:19:18.018000+02:00,2025-11-10 16:19:18.018000+02:00,1,['E78E9C0B06E0'],283.7063061293051,60.401003,23.144225,0.0,7.845,False,1996.58,177.593,40.47,16
101,2025-11-10 16:22:29.201000+02:00,2025-11-10 16:22:29.201000+02:00,1,['C3999872944C'],1284.9533551603265,60.392925,23.130074,0.0,7.335,False,1187.86,191.183,22.37,16
102,2025-11-10 16:22:54.301000+02:00,2025-11-10 16:22:54.301000+02:00,1,['C3999872944C'],554.5534188753797,60.393434,23.13005,0.0,7.33,False,56.61,25.1,8.12,16
103,2025-11-10 17:17:02.312000+02:00,2025-11-10 17:17:02.312000+02:00,1,['E78E9C0B06E0'],394.22484219528036,60.395282,23.124992,0.0,7.14,True,345.58,3248.011,0.38,17
104,2025-11-10 17:17:52.710000+02:00,2025-11-10 17:17:52.710000+02:00,1,['C3999872944C'],808.2939252032584,60.395654,23.122534,0.0,6.72,True,141.22,50.398,10.09,17
105,2025-11-10 17:18:11.361000+02:00,2025-11-10 17:18:11.362000+02:00,2,"['C3999872944C', 'E78E9C0B06E0']",557.1485974073189,60.395839,23.122114,0.001,6.93,True,30.91,18.651,5.97,17
106,2025-11-10 18:03:36.713000+02:00,2025-11-10 18:03:36.713000+02:00,1,['E78E9C0B06E0'],358.8399658293942,60.390843,23.146502,0.0,6.76,True,1450.37,2725.351,1.92,18
107,2025-11-10 18:18:57.610000+02:00,2025-11-10 18:18:57.610000+02:00,1,['E78E9C0B06E0'],438.93248815797995,60.380831,23.160327,0.0,6.64,True,1347.77,920.897,5.27,18
108,2025-11-10 18:25:21.153000+02:00,2025-11-10 18:25:21.153000+02:00,1,['E78E9C0B06E0'],419.38342551352025,60.381756,23.216614,0.0,6.915,True,3094.98,383.543,29.05,18
109,2025-11-10 18:32:36.162000+02:00,2025-11-10 18:32:36.162000+02:00,1,['E78E9C0B06E0'],476.35664175202936,60.377009,23.3288,0.0,6.82,True,6188.14,435.009,51.21,18
110,2025-11-10 18:33:02.934000+02:00,2025-11-10 18:33:11.910000+02:00,2,"['E198DBE2771E', 'E78E9C0B06E0']",368.76768049411777,60.375517,23.336762,8.976,7.965,True,468.01,26.772,62.93,18
111,2025-11-10 18:33:28.342000+02:00,2025-11-10 18:33:39.166000+02:00,1,['E198DBE2771E'],428.85457103737383,60.374329,23.346929,10.824,7.97,True,574.24,16.432,125.81,18
112,2025-11-10 18:34:10.467000+02:00,2025-11-10 18:34:10.467000+02:00,1,['E198DBE2771E'],192.3654032323948,60.372811,23.362567,0.0,7.985,True,876.01,31.301,100.75,18
113,2025-11-10 18:34:22.069000+02:00,2025-11-10 18:34:24.340000+02:00,2,"['E198DBE2771E', 'E78E9C0B06E0']",431.0259521510152,60.372628,23.365169,2.271,7.422499999999999,True,144.47,11.602,44.83,18
114,2025-11-10 18:34:35.607000+02:00,2025-11-10 18:34:40.069000+02:00,2,"['E198DBE2771E', 'E78E9C0B06E0']",327.9604427839798,60.372628,23.365169,4.462,7.945,True,0.0,11.267,0.0,18
115,2025-11-10 18:35:24.641000+02:00,2025-11-10 18:35:24.642000+02:00,2,"['E198DBE2771E', 'E78E9C0B06E0']",480.8502447594145,60.373038,23.389546,0.001,7.46,True,1340.77,44.572,108.29,18
116,2025-11-10 18:35:37.621000+02:00,2025-11-10 18:35:37.621000+02:00,1,['E78E9C0B06E0'],281.2843189187784,60.373721,23.394322,0.0,6.955,True,273.3,12.979,75.81,18
117,2025-11-10 18:41:04.774000+02:00,2025-11-10 18:41:20.826000+02:00,2,"['E198DBE2771E', 'E78E9C0B06E0']",480.21957312120037,60.38886,23.510601,16.052,7.76,True,6608.17,327.153,72.72,18
118,2025-11-10 18:41:32.477000+02:00,2025-11-10 18:41:32.477000+02:00,1,['E198DBE2771E'],493.4860042990388,60.390831,23.519396,0.0,7.74,True,530.59,11.651,163.95,18
119,2025-11-10 18:41:54.179000+02:00,2025-11-10 18:41:54.179000+02:00,1,['E198DBE2771E'],308.1251998530819,60.391439,23.527454,0.0,7.735,True,447.83,21.702,74.29,18
120,2025-11-10 18:42:05.266000+02:00,2025-11-10 18:42:05.266000+02:00,1,['E198DBE2771E'],254.1399887076186,60.391528,23.53168,0.0,7.72,True,232.38,11.087,75.45,18
121,2025-11-10 18:42:29.405000+02:00,2025-11-10 18:42:33.146000+02:00,1,['E198DBE2771E'],500.9777807596103,60.391728,23.540892,3.741,7.7075,True,506.58,24.139,75.55,18
122,2025-11-10 18:43:22.663000+02:00,2025-11-10 18:43:24.507000+02:00,1,['E198DBE2771E'],304.07069351196014,60.391863,23.559754,1.844,7.655,True,1036.34,49.517,75.34,18
123,2025-11-10 18:47:01.650000+02:00,2025-11-10 18:47:01.650000+02:00,1,['E78E9C0B06E0'],390.0732167452961,60.409788,23.585526,0.0,6.36,True,2444.64,217.143,40.53,18
124,2025-11-10 18:50:59.612000+02:00,2025-11-10 18:50:59.612000+02:00,1,['E78E9C0B06E0'],368.7404235730612,60.45168,23.578434,0.0,6.01,True,4674.4,237.962,70.72,18
125,2025-11-10 18:53:46.674000+02:00,2025-11-10 18:53:46.674000+02:00,1,['E78E9C0B06E0'],282.2311772299584,60.461489,23.552389,0.0,5.795,True,1796.9,167.062,38.72,18
126,2025-11-10 19:35:26.380000+02:00,2025-11-10 19:35:34.408000+02:00,2,"['E198DBE2771E', 'E78E9C0B06E0']",377.2810589633209,60.3850865,23.598616999999997,8.028,5.4025,True,8866.35,2499.706,12.77,19
127,2025-11-10 19:36:51.270000+02:00,2025-11-10 19:36:51.270000+02:00,1,['E78E9C0B06E0'],361.79241051398037,60.381067,23.617008,0.0,5.39,True,1105.05,76.862,51.76,19
128,2025-11-27 00:07:02.791000+02:00,2025-11-27 00:07:04.314000+02:00,1,['E78E9C0B06E0'],324.5890150429661,60.23894,23.574854,1.523,-5.064999999999998,True,15973.42,1398611.521,0.04,0
129,2025-11-27 00:09:11.877000+02:00,2025-11-27 00:09:11.877000+02:00,1,['E78E9C0B06E0'],276.5349662890357,60.245212,23.526962,0.0,-5.25,True,2733.63,127.563,77.15,0
130,2025-11-27 00:12:25.819000+02:00,2025-11-27 00:12:25.819000+02:00,1,['E78E9C0B06E0'],352.73328546839804,60.259343,23.469959,0.0,-5.365000000000009,True,3515.7,193.942,65.26,0
131,2025-11-27 00:19:59.256000+02:00,2025-11-27 00:19:59.256000+02:00,1,['E78E9C0B06E0'],293.8345794589934,60.297206,23.328103,0.0,-5.65500000000003,True,8881.67,453.437,70.51,0
132,2025-11-27 00:39:29.739000+02:00,2025-11-27 00:39:29.739000+02:00,1,['C3999872944C'],587.8544074686254,60.386817,23.105407,0.0,-4.740000000000009,True,15793.2,1170.483,48.57,0
133,2025-11-27 03:11:56.733000+02:00,2025-11-27 03:11:56.733000+02:00,1,['E198DBE2771E'],17136.389246756553,60.386205,23.106888,0.0,-3.509999999999991,True,106.08,9146.994,0.04,3
134,2025-11-27 10:50:53.729000+02:00,2025-11-27 10:50:53.729000+02:00,1,['E78E9C0B06E0'],528.9532505449076,60.445458,22.540731,0.0,0.44,False,31770.95,27536.996,4.15,10
135,2025-11-27 11:52:56.109000+02:00,2025-11-27 11:52:56.109000+02:00,1,['E198DBE2771E'],180.2644796480463,60.486102,22.322924,0.0,1.65,False,12765.39,3722.38,12.35,11
136,2025-11-27 12:00:37.149000+02:00,2025-11-27 12:00:37.149000+02:00,1,['E78E9C0B06E0'],274.6807122415604,60.498167,22.251373,0.0,1.725,False,4142.01,461.04,32.34,12
137,2025-11-27 12:05:18.708000+02:00,2025-11-27 12:05:18.708000+02:00,1,['E78E9C0B06E0'],394.98452251212535,60.485446,22.168294,0.0,2.03,False,4764.94,281.559,60.92,12
138,2025-11-27 13:05:01.110000+02:00,2025-11-27 13:05:01.110000+02:00,1,['E198DBE2771E'],287.5349902365635,60.475774,22.155719,0.0,3.635,False,1277.23,3582.402,1.28,13
139,2025-11-27 13:08:27.723000+02:00,2025-11-27 13:08:27.723000+02:00,1,['E78E9C0B06E0'],337.5220981372892,60.488134,22.175041,0.0,3.525,False,1734.78,206.613,30.23,13
140,2025-11-27 13:11:11.940000+02:00,2025-11-27 13:11:11.940000+02:00,1,['E78E9C0B06E0'],287.55862560769896,60.496619,22.231423,0.0,3.67,False,3228.84,164.217,70.78,13
141,2025-11-27 13:12:06.573000+02:00,2025-11-27 13:12:06.574000+02:00,2,"['E198DBE2771E', 'E78E9C0B06E0']",580.3215170122727,60.498073,22.252448,0.001,3.825,False,1162.61,54.633,76.61,13
142,2025-11-27 13:12:30.986000+02:00,2025-11-27 13:12:37.364000+02:00,1,['E78E9C0B06E0'],396.78876134014587,60.498045,22.261635,6.378,3.7975000000000003,False,503.07,24.412,74.19,13
143,2025-11-27 13:18:31.811000+02:00,2025-11-27 13:18:31.811000+02:00,1,['E78E9C0B06E0'],314.851850972241,60.468318,22.376581,0.0,4.045,False,7111.97,354.447,72.23,13
144,2025-11-27 13:25:25.573000+02:00,2025-11-27 13:25:25.573000+02:00,1,['E78E9C0B06E0'],390.56543179491285,60.446894,22.519538,0.0,3.97,False,8191.88,413.762,71.27,13
145,2025-11-27 13:26:01.474000+02:00,2025-11-27 13:26:07.513000+02:00,1,['E78E9C0B06E0'],442.837936324739,60.446054,22.533426,6.039,3.98,False,767.4,35.901,76.95,13
146,2025-11-27 13:28:07.466000+02:00,2025-11-27 13:28:07.466000+02:00,1,['E198DBE2771E'],779.5760227018908,60.443089,22.581705,0.0,4.335,False,2668.48,119.953,80.09,13
147,2025-11-27 13:31:45.305000+02:00,2025-11-27 13:31:45.305000+02:00,1,['E78E9C0B06E0'],298.3333842088757,60.429864,22.656695,0.0,3.78,False,4369.04,217.839,72.2,13
148,2025-11-27 13:32:58.183000+02:00,2025-11-27 13:32:58.183000+02:00,1,['E78E9C0B06E0'],449.7572499072394,60.423711,22.679258,0.0,3.68,False,1414.68,72.878,69.88,13
149,2025-11-27 13:34:39.268000+02:00,2025-11-27 13:34:39.268000+02:00,1,['E78E9C0B06E0'],329.9419808946552,60.424853,22.704188,0.0,3.655,False,1374.11,101.085,48.94,13
150,2025-11-27 13:37:55.434000+02:00,2025-11-27 13:37:55.434000+02:00,1,['E198DBE2771E'],224.15175629110428,60.423116,22.775312,0.0,4.46,False,3908.3,196.166,71.72,13
151,2025-11-27 13:38:43.969000+02:00,2025-11-27 13:38:43.969000+02:00,1,['E78E9C0B06E0'],327.2625769452767,60.423279,22.790981,0.0,3.625,False,860.18,48.535,63.8,13
152,2025-11-27 14:04:44.622000+02:00,2025-11-27 14:04:44.622000+02:00,1,['E198DBE2771E'],201.0410020734771,60.434396,22.976321,0.0,4.32,False,10245.41,1560.653,23.63,14
153,2025-11-27 14:11:52.097000+02:00,2025-11-27 14:11:52.097000+02:00,1,['E78E9C0B06E0'],278.31976787436986,60.418133,23.13435,0.0,2.775,False,8859.08,427.475,74.61,14
154,2025-11-27 14:12:32.101000+02:00,2025-11-27 14:12:32.101000+02:00,1,['E78E9C0B06E0'],312.0030993622361,60.418757,23.14824,0.0,2.725,False,765.61,40.004,68.9,14
155,2025-11-27 14:12:43.875000+02:00,2025-11-27 14:12:55.676000+02:00,2,"['E198DBE2771E', 'E78E9C0B06E0']",429.2148731578758,60.418718,23.149807,11.801,2.735,False,86.13,11.774,26.33,14
156,2025-11-27 14:14:06.958000+02:00,2025-11-27 14:14:06.958000+02:00,1,['E198DBE2771E'],193.63445172316256,60.418324,23.165968,0.0,4.115,False,888.2,71.282,44.86,14
157,2025-11-27 14:14:19.094000+02:00,2025-11-27 14:14:19.094000+02:00,1,['E198DBE2771E'],192.92929291394202,60.41903,23.166426,0.0,4.125,False,82.43,12.136,24.45,14
158,2025-11-27 14:32:17.028000+02:00,2025-11-27 14:32:17.028000+02:00,1,['E78E9C0B06E0'],709.9326336354133,60.390759,23.147255,0.0,2.67,False,3315.2,1077.934,11.07,14
159,2025-11-27 14:38:04.561000+02:00,2025-11-27 14:38:04.561000+02:00,1,['E78E9C0B06E0'],282.19301762375824,60.358118,23.186815,0.0,2.845,False,4231.05,347.533,43.83,14
160,2025-11-27 15:06:08.963000+02:00,2025-11-27 15:06:08.963000+02:00,1,['E78E9C0B06E0'],298.6121012075734,60.210752,23.659132,0.0,2.015,False,30761.17,1684.402,65.74,15
161,2025-11-27 15:32:10.619000+02:00,2025-11-27 15:32:10.619000+02:00,1,['E78E9C0B06E0'],534.7804880128639,60.058156,23.666748,0.0,1.595,False,16973.14,1561.656,39.13,15
162,2025-11-27 16:32:58.668000+02:00,2025-11-27 16:32:58.668000+02:00,1,['E78E9C0B06E0'],296.68266828400226,59.982399,23.444925,0.0,2.68,True,14928.88,3648.049,14.73,16
163,2025-11-27 16:35:02.748000+02:00,2025-11-27 16:35:02.748000+02:00,1,['C3999872944C'],578.3718420894278,59.985023,23.41912,0.0,2.6,True,1464.75,124.08,42.5,16
164,2025-11-27 17:03:22.478000+02:00,2025-11-27 17:03:22.478000+02:00,1,['E198DBE2771E'],215.86313989774996,59.985311,23.41787,0.0,4.275,True,76.55,1699.73,0.16,17
165,2025-11-27 17:03:46.454000+02:00,2025-11-27 17:03:46.454000+02:00,1,['E198DBE2771E'],215.77660638770834,59.985318,23.41786,0.0,4.29,True,0.96,23.976,0.14,17
166,2025-11-27 17:04:31.414000+02:00,2025-11-27 17:04:31.414000+02:00,1,['E198DBE2771E'],216.33808413006997,59.985342,23.417899,0.0,4.295,True,3.44,44.96,0.28,17
167,2026-01-09 00:12:25.595000+02:00,2026-01-09 00:12:25.595000+02:00,1,['E78E9C0B06E0'],527.748539689476,60.381767,23.438335,0.0,-16.064999999999998,True,44094.93,3654474.181,0.04,0
168,2026-01-09 00:12:39.755000+02:00,2026-01-09 00:12:39.755000+02:00,1,['E78E9C0B06E0'],396.5652930099467,60.381473,23.432931,0.0,-16.064999999999998,True,298.77,14.16,75.96,0
169,2026-01-09 00:15:30.308000+02:00,2026-01-09 00:15:30.308000+02:00,1,['E78E9C0B06E0'],298.0103796088034,60.372473,23.371174,0.0,-16.069999999999993,True,3538.78,170.553,74.7,0
170,2026-01-09 00:15:40.994000+02:00,2026-01-09 00:15:40.994000+02:00,1,['E78E9C0B06E0'],357.7448397208899,60.372473,23.371174,0.0,-16.069999999999993,True,0.0,10.686,0.0,0
171,2026-01-09 00:18:06.947000+02:00,2026-01-09 00:18:06.947000+02:00,1,['E198DBE2771E'],388.62809975894646,60.382793,23.312501,0.0,-14.91500000000002,True,3422.85,145.953,84.43,0
172,2026-01-09 00:25:49.471000+02:00,2026-01-09 00:25:49.471000+02:00,1,['E78E9C0B06E0'],301.66960068624655,60.418797,23.155354,0.0,-16.11500000000001,True,9514.21,462.524,74.05,0
173,2026-01-09 00:32:49.498000+02:00,2026-01-09 00:32:49.498000+02:00,1,['E78E9C0B06E0'],345.4569999841141,60.432898,22.989872,0.0,-16.235000000000014,True,9216.04,420.027,78.99,0
174,2026-01-09 00:43:46.923000+02:00,2026-01-09 00:43:46.923000+02:00,1,['E78E9C0B06E0'],276.31967981976305,60.427115,22.737694,0.0,-16.345000000000027,True,13852.74,657.425,75.86,0
175,2026-01-09 00:44:54.487000+02:00,2026-01-09 00:44:54.487000+02:00,1,['E198DBE2771E'],189.00103221286932,60.426544,22.71157,0.0,-15.400000000000034,True,1435.05,67.564,76.46,0
176,2026-01-09 00:45:35.955000+02:00,2026-01-09 00:45:35.955000+02:00,1,['E198DBE2771E'],237.58966743373193,60.423908,22.69648,0.0,-15.41500000000002,True,878.5,41.468,76.27,0
177,2026-01-09 00:47:25.479000+02:00,2026-01-09 00:47:25.479000+02:00,1,['E198DBE2771E'],282.80635878391223,60.429997,22.656938,0.0,-15.400000000000034,True,2273.17,109.524,74.72,0
178,2026-01-09 00:48:11.137000+02:00,2026-01-09 00:48:11.137000+02:00,1,['E78E9C0B06E0'],325.7288918205844,60.435332,22.643543,0.0,-16.345000000000027,True,944.51,45.658,74.47,0
179,2026-01-09 01:12:05.806000+02:00,2026-01-09 01:12:13.842000+02:00,1,['E78E9C0B06E0'],390.34152697496006,60.484845,22.167608,8.036,-16.35250000000002,True,26666.37,1434.669,66.91,1
180,2026-01-09 02:39:16.605000+02:00,2026-01-09 02:39:16.605000+02:00,1,['E78E9C0B06E0'],367.4868220425493,60.485376,22.168712,0.0,-15.275000000000034,True,84.52,5222.763,0.06,2
181,2026-01-09 02:40:38.153000+02:00,2026-01-09 02:40:38.153000+02:00,1,['E78E9C0B06E0'],542.8325004944683,60.488089,22.174963,0.0,-15.25,True,456.35,81.548,20.15,2
182,2026-01-09 02:41:12.844000+02:00,2026-01-09 02:41:12.844000+02:00,1,['E198DBE2771E'],231.23213245557645,60.489811,22.181961,0.0,-13.865000000000009,True,428.47,34.691,44.46,2
183,2026-01-09 02:43:25.212000+02:00,2026-01-09 02:43:25.212000+02:00,1,['E78E9C0B06E0'],341.43333221085663,60.496279,22.229196,0.0,-15.225000000000023,True,2685.02,132.368,73.02,2
184,2026-01-09 02:50:59.419000+02:00,2026-01-09 02:51:02.471000+02:00,1,['E198DBE2771E'],284.7064603462889,60.468183,22.377197,3.052,-14.074999999999989,True,8689.28,454.207,68.87,2
185,2026-01-09 02:57:21.934000+02:00,2026-01-09 02:57:21.934000+02:00,1,['E78E9C0B06E0'],286.57783368705446,60.445099,22.502125,0.0,-15.170000000000016,True,7314.73,379.463,69.4,2
186,2026-01-09 02:58:07.702000+02:00,2026-01-09 02:58:07.702000+02:00,1,['E198DBE2771E'],587.5761956274317,60.44684,22.518706,0.0,-14.365000000000009,True,929.78,45.768,73.13,2
187,2026-01-09 03:01:17.775000+02:00,2026-01-09 03:01:17.775000+02:00,1,['E198DBE2771E'],214.22885020269314,60.442577,22.590362,0.0,-14.389999999999986,True,3958.7,190.073,74.98,3
188,2026-01-09 03:07:57.062000+02:00,2026-01-09 03:07:57.062000+02:00,1,['E78E9C0B06E0'],306.74092432855815,60.426544,22.712761,0.0,-15.20999999999998,True,6948.09,399.287,62.64,3
189,2026-01-09 03:08:45.274000+02:00,2026-01-09 03:08:45.274000+02:00,1,['E78E9C0B06E0'],327.36226742071875,60.426956,22.722976,0.0,-15.20999999999998,True,562.45,48.212,42.0,3
190,2026-01-09 03:10:19.883000+02:00,2026-01-09 03:10:19.883000+02:00,1,['E78E9C0B06E0'],371.9541966951855,60.425825,22.722176,0.0,-15.20999999999998,True,133.2,94.609,5.07,3
191,2026-01-09 04:18:08.773000+02:00,2026-01-09 04:18:08.773000+02:00,1,['E198DBE2771E'],280.99042514458813,60.382822,23.101022,0.0,-14.125,True,21347.31,4068.89,18.89,4
192,2026-01-09 05:07:39.661000+02:00,2026-01-09 05:07:39.661000+02:00,1,['E78E9C0B06E0'],508.0089098419528,60.153983,23.820965,0.0,-12.889999999999986,True,47155.92,2970.888,57.14,5
193,2026-01-09 05:19:37.634000+02:00,2026-01-09 05:19:37.634000+02:00,1,['E78E9C0B06E0'],319.11490751499616,60.080719,23.725635,0.0,-12.375,True,9708.7,717.973,48.68,5
194,2026-01-09 05:19:48.162000+02:00,2026-01-09 05:19:48.162000+02:00,1,['E78E9C0B06E0'],369.2603254828886,60.079514,23.722933,0.0,-12.389999999999986,True,201.03,10.528,68.74,5
195,2026-01-09 05:25:12.183000+02:00,2026-01-09 05:25:12.183000+02:00,1,['E78E9C0B06E0'],286.5925343881686,60.053523,23.646273,0.0,-12.189999999999998,True,5142.47,324.021,57.13,5
196,2026-01-09 11:05:01.595000+02:00,2026-01-09 11:05:01.595000+02:00,1,['E198DBE2771E'],184.34932556693354,60.00827,23.189821,0.0,-8.865000000000009,False,25848.32,20389.412,4.56,11
197,2026-01-09 14:42:51.425000+02:00,2026-01-09 14:42:51.425000+02:00,1,['E198DBE2771E'],218.94122456949646,60.043255,23.248444,0.0,-9.720000000000027,False,5073.43,13069.83,1.4,14
198,2026-01-09 15:45:00.643000+02:00,2026-01-09 15:45:00.643000+02:00,1,['E78E9C0B06E0'],284.4691298766877,60.372318,23.119581,0.0,-11.78000000000003,False,37276.3,3729.218,35.98,15
199,2026-01-09 15:48:33.324000+02:00,2026-01-09 15:48:33.324000+02:00,1,['E78E9C0B06E0'],350.1927392499075,60.386522,23.10642,0.0,-11.819999999999993,False,1737.16,212.681,29.4,15
200,2026-01-09 16:09:53.390000+02:00,2026-01-09 16:09:53.390000+02:00,1,['E78E9C0B06E0'],313.99296925188145,60.386374,23.106669,0.0,-12.095000000000027,False,21.4,1280.066,0.06,16
201,2026-01-09 17:17:43.716000+02:00,2026-01-09 17:17:43.716000+02:00,1,['E78E9C0B06E0'],291.3678755373531,60.453374,22.099256,0.0,-13.100000000000023,True,55796.23,4070.326,49.35,17
202,2026-01-09 17:26:04.289000+02:00,2026-01-09 17:26:04.289000+02:00,1,['E198DBE2771E'],207.33533819561083,60.452321,22.09726,0.0,-12.444999999999993,True,160.28,500.573,1.15,17
203,2026-01-09 17:26:41.541000+02:00,2026-01-09 17:26:41.541000+02:00,1,['E78E9C0B06E0'],289.9511797530985,60.452286,22.098228,0.0,-13.170000000000016,True,53.22,37.252,5.14,17
204,2026-01-09 18:39:36.173000+02:00,2026-01-09 18:39:36.173000+02:00,1,['E198DBE2771E'],274.80681022627704,60.469435,22.370729,0.0,-12.240000000000009,True,15060.0,4374.632,12.39,18
205,2026-01-09 18:39:48.815000+02:00,2026-01-09 18:39:53.315000+02:00,1,['E198DBE2771E'],412.863066745932,60.46864,22.37474,4.5,-12.262499999999989,True,236.94,12.642,67.47,18
206,2026-01-09 18:47:36.119000+02:00,2026-01-09 18:47:37.981000+02:00,1,['E198DBE2771E'],637.1973134154924,60.446153,22.532585,1.862,-12.400000000000034,True,9008.14,462.804,70.07,18
207,2026-01-09 18:56:01.760000+02:00,2026-01-09 18:56:01.760000+02:00,1,['E198DBE2771E'],177.22805971309828,60.423896,22.698039,0.0,-12.509999999999991,True,9408.9,503.779,67.24,18
208,2026-01-09 19:47:15.431000+02:00,2026-01-09 19:47:15.431000+02:00,1,['E198DBE2771E'],196.8744446956305,60.466123,22.73122,0.0,-12.29000000000002,True,5035.78,3073.671,5.9,19
